,loss
step_0,0.21177205443382263
step_1,0.15369856357574463
step_2,0.12106738984584808
step_3,0.10748831927776337
step_4,0.09689515084028244
step_5,0.09419672191143036
step_6,0.08964177221059799
step_7,0.08463730663061142
step_8,0.08123117685317993
step_9,0.07562939822673798
step_10,0.06303034722805023
step_11,0.05077170580625534
step_12,0.04273737594485283
step_13,0.041276659816503525
step_14,0.04767853021621704
step_15,0.049385927617549896
step_16,0.04186558723449707
step_17,0.03945111855864525
step_18,0.036256447434425354
step_19,0.03607018664479256
step_20,0.03230805695056915
step_21,0.03171662986278534
step_22,0.03359968587756157
step_23,0.040139246731996536
step_24,0.04493100196123123
step_25,0.04247388243675232
step_26,0.055330540984869
step_27,0.039718568325042725
step_28,0.0363503023982048
step_29,0.03504346311092377
step_30,0.03370896726846695
step_31,0.0329483300447464
step_32,0.03225405514240265
step_33,0.031982749700546265
step_34,0.0586153119802475
step_35,0.10582538694143295
step_36,0.05713176727294922
step_37,0.042823486030101776
step_38,0.03742694482207298
step_39,0.03571942448616028
step_40,0.03230123221874237
step_41,0.02956070750951767
step_42,0.028438886627554893
step_43,0.028229378163814545
step_44,0.028798867017030716
step_45,0.03186018764972687
step_46,0.03711315989494324
step_47,0.03091312013566494
step_48,0.03021407686173916
step_49,0.028631171211600304
step_50,0.027536792680621147
step_51,0.02722853049635887
step_52,0.02729746699333191
step_53,0.02785007655620575
step_54,0.028053319081664085
step_55,0.02875221148133278
step_56,0.028859883546829224
step_57,0.030059998854994774
step_58,0.030428921803832054
step_59,0.03971976041793823
step_60,0.03473970293998718
step_61,0.031494393944740295
step_62,0.030485525727272034
step_63,0.028632819652557373
step_64,0.027345998212695122
step_65,0.027102302759885788
step_66,0.02786436676979065
step_67,0.03137069195508957
step_68,0.03029918670654297
step_69,0.029049459844827652
step_70,0.027586793527007103
step_71,0.026283463463187218
step_72,0.025939693674445152
step_73,0.02629046142101288
step_74,0.028508782386779785
step_75,0.03210216760635376
step_76,0.03147323057055473
step_77,0.02715725265443325
step_78,0.027567183598876
step_79,0.02719491347670555
step_80,0.026148244738578796
step_81,0.028733639046549797
step_82,0.029521308839321136
step_83,0.02769000083208084
step_84,0.027534937486052513
step_85,0.026120837777853012
step_86,0.02583829127252102
step_87,0.026941940188407898
step_88,0.027518536895513535
step_89,0.03090868890285492
step_90,0.036714524030685425
step_91,0.02909182570874691
step_92,0.032374538481235504
step_93,0.03321810066699982
step_94,0.030685780569911003
step_95,0.027588829398155212
step_96,0.027994032949209213
step_97,0.02980581484735012
step_98,0.02739648148417473
step_99,0.026254907250404358
step_100,0.025488510727882385
step_101,0.0253529604524374
step_102,0.02529355138540268
step_103,0.0257703997194767
step_104,0.028236836194992065
step_105,0.03078410029411316
step_106,0.02904633991420269
step_107,0.02624700963497162
step_108,0.025729503482580185
step_109,0.025382500141859055
step_110,0.02481614425778389
step_111,0.024555861949920654
step_112,0.024390816688537598
step_113,0.024327527731657028
step_114,0.02609950862824917
step_115,0.030051706358790398
step_116,0.029621541500091553
step_117,0.029940178617835045
step_118,0.04928767681121826
step_119,0.0712585598230362
step_120,0.06297490000724792
step_121,0.04736378416419029
step_122,0.03421789035201073
step_123,0.03372465819120407
step_124,0.031333863735198975
step_125,0.02911442145705223
step_126,0.02770140767097473
step_127,0.026957035064697266
step_128,0.026531260460615158
step_129,0.027192434296011925
step_130,0.02770085632801056
step_131,0.027292925864458084
step_132,0.026354288682341576
step_133,0.02569591999053955
step_134,0.02519841119647026
step_135,0.025139180943369865
step_136,0.02530873380601406
step_137,0.02557889185845852
step_138,0.025817792862653732
step_139,0.025253621861338615
step_140,0.025145847350358963
step_141,0.026024263352155685
step_142,0.02824695035815239
step_143,0.029435766860842705
step_144,0.02732231095433235
step_145,0.02565433643758297
step_146,0.025161145254969597
step_147,0.024956464767456055
step_148,0.024894481524825096
step_149,0.024652129039168358
step_150,0.024613946676254272
step_151,0.024689793586730957
step_152,0.0254104882478714
step_153,0.025616921484470367
step_154,0.02632014825940132
step_155,0.026261446997523308
step_156,0.02559678815305233
step_157,0.024643879383802414
step_158,0.024838488548994064
step_159,0.025553226470947266
step_160,0.024550676345825195
step_161,0.02365598827600479
step_162,0.023579701781272888
step_163,0.023604821413755417
step_164,0.025142531841993332
step_165,0.02591784857213497
step_166,0.026821760460734367
step_167,0.02781049534678459
step_168,0.025297051295638084
step_169,0.023539520800113678
step_170,0.02295348420739174
step_171,0.02278447151184082
step_172,0.0238373801112175
step_173,0.024123821407556534
step_174,0.023693902418017387
step_175,0.023368632420897484
step_176,0.023575063794851303
step_177,0.02314155548810959
step_178,0.022179339081048965
step_179,0.021854475140571594
step_180,0.023166988044977188
step_181,0.021824851632118225
step_182,0.021253522485494614
step_183,0.02116812765598297
step_184,0.021201059222221375
step_185,0.022530194371938705
step_186,0.024666577577590942
step_187,0.023085132241249084
step_188,0.02215333841741085
step_189,0.021987518295645714
step_190,0.020996596664190292
step_191,0.021088257431983948
step_192,0.021098803728818893
step_193,0.020841894671320915
step_194,0.021046509966254234
step_195,0.02187741920351982
step_196,0.022812332957983017
step_197,0.022621480748057365
step_198,0.022103402763605118
step_199,0.02280864119529724
step_200,0.0242328904569149
step_201,0.025490617379546165
step_202,0.022375985980033875
step_203,0.021890223026275635
step_204,0.02126201055943966
step_205,0.021062282845377922
step_206,0.021496858447790146
step_207,0.023967131972312927
step_208,0.022944800555706024
step_209,0.021668126806616783
step_210,0.021263234317302704
step_211,0.021280985325574875
step_212,0.021151576191186905
step_213,0.02092820033431053
step_214,0.020767763257026672
step_215,0.020994585007429123
step_216,0.021159937605261803
step_217,0.02046285942196846
step_218,0.020896177738904953
step_219,0.021390538662672043
step_220,0.022283602505922318
step_221,0.022393932566046715
step_222,0.02046116441488266
step_223,0.019686482846736908
step_224,0.019595028832554817
step_225,0.019832510501146317
step_226,0.02047630026936531
step_227,0.01966349221765995
step_228,0.01974387839436531
step_229,0.021737460047006607
step_230,0.022832561284303665
step_231,0.02134692668914795
step_232,0.020572487264871597
step_233,0.020663129165768623
step_234,0.020861081779003143
step_235,0.020192531868815422
step_236,0.019531112164258957
step_237,0.019315985962748528
step_238,0.019170522689819336
step_239,0.01944258250296116
step_240,0.019152775406837463
step_241,0.019114036113023758
step_242,0.01946386694908142
step_243,0.019718993455171585
step_244,0.019382691010832787
step_245,0.01954621821641922
step_246,0.02044224739074707
step_247,0.01992294192314148
step_248,0.019678065553307533
step_249,0.019203944131731987
step_250,0.018828732892870903
step_251,0.018229778856039047
step_252,0.01843075454235077
step_253,0.018930932506918907
step_254,0.01871710829436779
step_255,0.018968049436807632
step_256,0.018870754167437553
step_257,0.018347151577472687
step_258,0.018062252551317215
step_259,0.017903665080666542
step_260,0.01830141618847847
step_261,0.019492756575345993
step_262,0.019574007019400597
step_263,0.01888796128332615
step_264,0.01840737834572792
step_265,0.018567660823464394
step_266,0.018515370786190033
step_267,0.018017280846834183
step_268,0.018598277121782303
step_269,0.019111551344394684
step_270,0.01942634768784046
step_271,0.018530825152993202
step_272,0.01829523965716362
step_273,0.01775806024670601
step_274,0.01728084310889244
step_275,0.01718578115105629
step_276,0.01750902086496353
step_277,0.01924799755215645
step_278,0.021502962335944176
step_279,0.018720414489507675
step_280,0.01933281682431698
step_281,0.01850767619907856
step_282,0.017723731696605682
step_283,0.01733163371682167
step_284,0.016988489776849747
step_285,0.016795478761196136
step_286,0.016860954463481903
step_287,0.018383752554655075
step_288,0.02016325294971466
step_289,0.018069207668304443
step_290,0.018036510795354843
step_291,0.017499199137091637
step_292,0.01688043400645256
step_293,0.017022667452692986
step_294,0.017322847619652748
step_295,0.017083706334233284
step_296,0.017030978575348854
step_297,0.016588516533374786
step_298,0.016433779150247574
step_299,0.01662895269691944
step_300,0.01708216406404972
step_301,0.017907172441482544
step_302,0.016375474631786346
step_303,0.016288232058286667
step_304,0.016021456569433212
step_305,0.016048481687903404
step_306,0.015807053074240685
step_307,0.015408171340823174
step_308,0.01533846091479063
step_309,0.015529900789260864
step_310,0.015857161954045296
step_311,0.01650666445493698
step_312,0.018162274733185768
step_313,0.018801569938659668
step_314,0.017202362418174744
step_315,0.01703265681862831
step_316,0.01684168167412281
step_317,0.01596224121749401
step_318,0.015783635899424553
step_319,0.015495521947741508
step_320,0.015092937275767326
step_321,0.015002790838479996
step_322,0.015042158775031567
step_323,0.014915096573531628
step_324,0.014962702989578247
step_325,0.015234919264912605
step_326,0.016130518168210983
step_327,0.01687338948249817
step_328,0.016040463000535965
step_329,0.01505889929831028
step_330,0.015033943578600883
step_331,0.014769199304282665
step_332,0.014855094254016876
step_333,0.015492614358663559
step_334,0.01585184782743454
step_335,0.01521178986877203
step_336,0.015087037347257137
step_337,0.01565845124423504
step_338,0.01610460877418518
step_339,0.015538929030299187
step_340,0.016018059104681015
step_341,0.01709071546792984
step_342,0.01530144177377224
step_343,0.014873403124511242
step_344,0.014664928428828716
step_345,0.014475084841251373
step_346,0.014363138936460018
step_347,0.014404235407710075
step_348,0.014715451747179031
step_349,0.015121527016162872
step_350,0.015337586402893066
step_351,0.01492229849100113
step_352,0.014931101351976395
step_353,0.0145898861810565
step_354,0.01440262608230114
step_355,0.015140809118747711
step_356,0.015941031277179718
step_357,0.015312941744923592
step_358,0.014742745086550713
step_359,0.014586287550628185
step_360,0.014240950345993042
step_361,0.014251304790377617
step_362,0.014599780552089214
step_363,0.014567101374268532
step_364,0.014721615239977837
step_365,0.015277545899152756
step_366,0.014701690524816513
step_367,0.01433519832789898
step_368,0.014188199304044247
step_369,0.014301547780632973
step_370,0.0142506193369627
step_371,0.01496434211730957
step_372,0.014497856609523296
step_373,0.014223378151655197
step_374,0.013932532630860806
step_375,0.013614948838949203
step_376,0.013430004939436913
step_377,0.01339037250727415
step_378,0.013464702293276787
step_379,0.013870716094970703
step_380,0.014247899875044823
step_381,0.013965188525617123
step_382,0.014475557021796703
step_383,0.01412771176546812
step_384,0.013586162589490414
step_385,0.013232020661234856
step_386,0.013148678466677666
step_387,0.013441108167171478
step_388,0.013608469627797604
step_389,0.01374148577451706
step_390,0.014064518734812737
step_391,0.013616818003356457
step_392,0.013563292101025581
step_393,0.01381935179233551
step_394,0.013941997662186623
step_395,0.01388267707079649
step_396,0.013279616832733154
step_397,0.01327170804142952
step_398,0.012848561629652977
step_399,0.012995608150959015
step_400,0.013427481055259705
step_401,0.014575624838471413
step_402,0.014502180740237236
step_403,0.013291120529174805
step_404,0.013021590188145638
step_405,0.012667911127209663
step_406,0.012613954953849316
step_407,0.012502949684858322
step_408,0.012443805113434792
step_409,0.012430436909198761
step_410,0.012633825652301311
step_411,0.012820976786315441
step_412,0.012521220371127129
step_413,0.012867714278399944
step_414,0.012688111513853073
step_415,0.012670323252677917
step_416,0.012803880497813225
step_417,0.014358436688780785
step_418,0.013768721371889114
step_419,0.013023152947425842
step_420,0.012801334261894226
step_421,0.012333977036178112
step_422,0.01199466735124588
step_423,0.01186629943549633
step_424,0.011776743456721306
step_425,0.012069281190633774
step_426,0.013140900060534477
step_427,0.013170978985726833
step_428,0.01280946284532547
step_429,0.012011207640171051
step_430,0.011850960552692413
step_431,0.01177094504237175
step_432,0.011687163263559341
step_433,0.011698062531650066
step_434,0.012041805312037468
step_435,0.012006329372525215
step_436,0.011816134676337242
step_437,0.011640380136668682
step_438,0.011993519961833954
step_439,0.013405936770141125
step_440,0.01196681521832943
step_441,0.011467689648270607
step_442,0.011236481368541718
step_443,0.01099818479269743
step_444,0.01103190891444683
step_445,0.011538079008460045
step_446,0.012498869560658932
step_447,0.013765817508101463
step_448,0.01329639833420515
step_449,0.01326042227447033
step_450,0.012277767062187195
step_451,0.011475796811282635
step_452,0.011022808961570263
step_453,0.01077214814722538
step_454,0.01052092295140028
step_455,0.010366542264819145
step_456,0.010411220602691174
step_457,0.010581785812973976
step_458,0.010877719148993492
step_459,0.01157150324434042
step_460,0.011852232739329338
step_461,0.012202516198158264
step_462,0.012263813987374306
step_463,0.011775434017181396
step_464,0.010833299718797207
step_465,0.0105358324944973
step_466,0.010223880410194397
step_467,0.010194195434451103
step_468,0.010406551882624626
step_469,0.01090836152434349
step_470,0.011476672254502773
step_471,0.011222578585147858
step_472,0.010794371366500854
step_473,0.010671846568584442
step_474,0.010287738405168056
step_475,0.010014059953391552
step_476,0.009882981888949871
step_477,0.009822473861277103
step_478,0.009885663166642189
step_479,0.010429765097796917
step_480,0.010823741555213928
step_481,0.012170488014817238
step_482,0.01076120138168335
step_483,0.010312322527170181
step_484,0.010057280771434307
step_485,0.010366828180849552
step_486,0.01052635908126831
step_487,0.009928511455655098
step_488,0.009853772819042206
step_489,0.009875463321805
step_490,0.009631026536226273
step_491,0.00975896418094635
step_492,0.009744038805365562
step_493,0.009563442319631577
step_494,0.009789157658815384
step_495,0.009567400440573692
step_496,0.009414246305823326
step_497,0.009503262117505074
step_498,0.009545328095555305
step_499,0.009706164710223675
step_500,0.009705228731036186
step_501,0.009884587489068508
step_502,0.010649530217051506
step_503,0.011406044475734234
step_504,0.011082849465310574
step_505,0.01031968928873539
step_506,0.009887591004371643
step_507,0.009178172796964645
step_508,0.009065963327884674
step_509,0.008915131911635399
step_510,0.008795306086540222
step_511,0.008710326626896858
step_512,0.008777986280620098
step_513,0.008948028087615967
step_514,0.009010907262563705
step_515,0.00909347552806139
step_516,0.009523301385343075
step_517,0.010188779793679714
step_518,0.009610305540263653
step_519,0.009396898560225964
step_520,0.00931753870099783
step_521,0.00945716630667448
step_522,0.009489028714597225
step_523,0.009515488520264626
step_524,0.00939952488988638
step_525,0.008857442066073418
step_526,0.008797714486718178
step_527,0.008911481127142906
step_528,0.009167586453258991
step_529,0.009707260876893997
step_530,0.008871753700077534
step_531,0.008615320548415184
step_532,0.008612040430307388
step_533,0.008615129627287388
step_534,0.008645517751574516
step_535,0.008939992636442184
step_536,0.00918614398688078
step_537,0.009328710846602917
step_538,0.009184552356600761
step_539,0.008481087163090706
step_540,0.008278187364339828
step_541,0.008228600956499577
step_542,0.00819012988358736
step_543,0.008306190371513367
step_544,0.008537787944078445
step_545,0.008804269134998322
step_546,0.008668864145874977
step_547,0.008959886617958546
step_548,0.00868665799498558
step_549,0.008457019925117493
step_550,0.008567350916564465
step_551,0.009291472844779491
step_552,0.009286170825362206
step_553,0.009319390170276165
step_554,0.008341500535607338
step_555,0.008248056285083294
step_556,0.008411811664700508
step_557,0.008481312543153763
step_558,0.00866167712956667
step_559,0.008631332777440548
step_560,0.008183052763342857
step_561,0.00821240060031414
step_562,0.008257873356342316
step_563,0.00858757458627224
step_564,0.008324069902300835
step_565,0.007927495054900646
step_566,0.007906769402325153
step_567,0.007950807921588421
step_568,0.008183708414435387
step_569,0.007941709831357002
step_570,0.008000068366527557
step_571,0.007759019732475281
step_572,0.007891285233199596
step_573,0.007985721342265606
step_574,0.00832468643784523
step_575,0.008367935195565224
step_576,0.008340079337358475
step_577,0.008150137029588223
step_578,0.00820040050894022
step_579,0.009168177843093872
step_580,0.010612644255161285
step_581,0.008959857746958733
step_582,0.0084679014980793
step_583,0.007962677627801895
step_584,0.007542430888861418
step_585,0.007403100840747356
step_586,0.007414999417960644
step_587,0.007436818443238735
step_588,0.007496313191950321
step_589,0.007653534412384033
step_590,0.007718141656368971
step_591,0.0077178943902254105
step_592,0.0077652595937252045
step_593,0.007967962883412838
step_594,0.0076747797429561615
step_595,0.007997246459126472
step_596,0.008909648284316063
step_597,0.009214753285050392
step_598,0.008680753409862518
step_599,0.007606147788465023
step_600,0.007549220230430365
step_601,0.007300469558686018
step_602,0.007128566037863493
step_603,0.0073486752808094025
step_604,0.007484906818717718
step_605,0.007936383597552776
step_606,0.008024848997592926
step_607,0.007358392234891653
step_608,0.007346566766500473
step_609,0.007528225891292095
step_610,0.008014335297048092
step_611,0.008992030285298824
step_612,0.007728846278041601
step_613,0.007536973804235458
step_614,0.00731695257127285
step_615,0.007189363241195679
step_616,0.00736323744058609
step_617,0.007417693734169006
step_618,0.007242641411721706
step_619,0.007209948264062405
step_620,0.007590580265969038
step_621,0.007494376040995121
step_622,0.007855226285755634
step_623,0.007470650598406792
step_624,0.007485802751034498
step_625,0.007362358272075653
step_626,0.007135613821446896
step_627,0.0071897562593221664
step_628,0.007387744262814522
step_629,0.007296720054000616
step_630,0.00748596154153347
step_631,0.007528258487582207
step_632,0.007103185169398785
step_633,0.0067744264379143715
step_634,0.006887367926537991
step_635,0.007655262015759945
step_636,0.008417111821472645
step_637,0.007630654610693455
step_638,0.007007117383182049
step_639,0.006975003518164158
step_640,0.006715038325637579
step_641,0.0070275804027915
step_642,0.007773775141686201
step_643,0.007886884734034538
step_644,0.007650541141629219
step_645,0.007265022955834866
step_646,0.006937958300113678
step_647,0.006763470359146595
step_648,0.006692356429994106
step_649,0.006636473815888166
step_650,0.00672101927921176
step_651,0.0067479293793439865
step_652,0.00707620894536376
step_653,0.007933776825666428
step_654,0.007091262843459845
step_655,0.007391165476292372
step_656,0.006914975121617317
step_657,0.00671384809538722
step_658,0.006474032066762447
step_659,0.006391638889908791
step_660,0.0064652725122869015
step_661,0.006636913865804672
step_662,0.007291863672435284
step_663,0.00745395477861166
step_664,0.007509133778512478
step_665,0.007059186231344938
step_666,0.006970498710870743
step_667,0.006709817331284285
step_668,0.006850715726613998
step_669,0.00673329085111618
step_670,0.006568388547748327
step_671,0.00659253029152751
step_672,0.006443111225962639
step_673,0.006672160234302282
step_674,0.006806652992963791
step_675,0.006829920690506697
step_676,0.0064258333295583725
step_677,0.006675392389297485
step_678,0.007097053341567516
step_679,0.007416258566081524
step_680,0.007559237070381641
step_681,0.007341458927839994
step_682,0.006575427018105984
step_683,0.006464793812483549
step_684,0.006515186280012131
step_685,0.006414709612727165
step_686,0.006515062879770994
step_687,0.007193294353783131
step_688,0.007221642881631851
step_689,0.006660334765911102
step_690,0.00627707876265049
step_691,0.006423761136829853
step_692,0.006600107531994581
step_693,0.006134225986897945
step_694,0.006108907517045736
step_695,0.006255079060792923
step_696,0.006421535741537809
step_697,0.00643950654193759
step_698,0.006570003926753998
step_699,0.006919448729604483
step_700,0.007021322380751371
step_701,0.006462366785854101
step_702,0.006230994127690792
step_703,0.006277692969888449
step_704,0.006299816071987152
step_705,0.006364915519952774
step_706,0.006822299212217331
step_707,0.006765672471374273
step_708,0.00675085699185729
step_709,0.006977538578212261
step_710,0.006854890845716
step_711,0.006266467273235321
step_712,0.006108718924224377
step_713,0.0060735344886779785
step_714,0.0059966882690787315
step_715,0.006077219732105732
step_716,0.006477816961705685
step_717,0.007422210182994604
step_718,0.00692719966173172
step_719,0.005998230539262295
step_720,0.006138038821518421
step_721,0.0060676150023937225
step_722,0.005947583820670843
step_723,0.006075314246118069
step_724,0.006340055726468563
step_725,0.006081975996494293
step_726,0.007284482941031456
step_727,0.010912088677287102
step_728,0.007948344573378563
step_729,0.00719077792018652
step_730,0.00666344678029418
step_731,0.006198383867740631
step_732,0.006000220775604248
step_733,0.005989112891256809
step_734,0.006033224053680897
step_735,0.0060501862317323685
step_736,0.005910923238843679
step_737,0.0057784439995884895
step_738,0.005699118133634329
step_739,0.005816844757646322
step_740,0.006080647464841604
step_741,0.00618283636868
step_742,0.006391578819602728
step_743,0.00684753805398941
step_744,0.006716217380017042
step_745,0.006286917254328728
step_746,0.006320055108517408
step_747,0.006515310611575842
step_748,0.006546907126903534
step_749,0.006230870261788368
step_750,0.005990061443299055
step_751,0.005821436643600464
step_752,0.0056119333021342754
step_753,0.0056979842483997345
step_754,0.006106497719883919
step_755,0.006616541650146246
step_756,0.0063306610099971294
step_757,0.006390775553882122
step_758,0.006468785461038351
step_759,0.006259684916585684
step_760,0.005946827586740255
step_761,0.0059740482829511166
step_762,0.006128542125225067
step_763,0.006158077623695135
step_764,0.005960445385426283
step_765,0.005782674066722393
step_766,0.005767790600657463
step_767,0.005773730576038361
step_768,0.005886915605515242
step_769,0.006146618165075779
step_770,0.0063316067680716515
step_771,0.00630937609821558
step_772,0.005832260474562645
step_773,0.006240043789148331
step_774,0.007855992764234543
step_775,0.006262770853936672
step_776,0.0061927372589707375
step_777,0.00604571308940649
step_778,0.005698148161172867
step_779,0.0056523652747273445
step_780,0.005827577784657478
step_781,0.0056377192959189415
step_782,0.00544899795204401
step_783,0.005538410972803831
step_784,0.0057071782648563385
step_785,0.006201987620443106
step_786,0.006652526557445526
step_787,0.006166435778141022
step_788,0.0058211213909089565
step_789,0.005762010812759399
step_790,0.005794092547148466
step_791,0.0057602254673838615
step_792,0.0059221102856099606
step_793,0.006153929978609085
step_794,0.005746678914874792
step_795,0.005499726161360741
step_796,0.005525234155356884
step_797,0.005807061679661274
step_798,0.006227891892194748
step_799,0.00662522716447711
step_800,0.006403982639312744
step_801,0.00625758059322834
step_802,0.005964069627225399
step_803,0.005825698375701904
step_804,0.005601502023637295
step_805,0.005413030739873648
step_806,0.005579476710408926
step_807,0.005811232142150402
step_808,0.005905444733798504
step_809,0.005599594675004482
step_810,0.005334141664206982
step_811,0.0055566406808793545
step_812,0.005684542935341597
step_813,0.005726685281842947
step_814,0.0058240750804543495
step_815,0.005668596364557743
step_816,0.005789460148662329
step_817,0.0061234375461936
step_818,0.006366835907101631
step_819,0.006476430222392082
step_820,0.005621298216283321
step_821,0.005481460131704807
step_822,0.005389937665313482
step_823,0.005578215233981609
step_824,0.005778655409812927
step_825,0.005792591720819473
step_826,0.005950312130153179
step_827,0.005932516884058714
step_828,0.005790753290057182
step_829,0.005655334796756506
step_830,0.005322097800672054
step_831,0.005323778837919235
step_832,0.005300377961248159
step_833,0.0052144709043204784
step_834,0.005308303516358137
step_835,0.005559469573199749
step_836,0.006154621951282024
step_837,0.006003682501614094
step_838,0.005701722577214241
step_839,0.005845464766025543
step_840,0.005691738799214363
step_841,0.005247881170362234
step_842,0.005271713249385357
step_843,0.005532243754714727
step_844,0.006084274500608444
step_845,0.005972074344754219
step_846,0.00609818659722805
step_847,0.006296483799815178
step_848,0.005615939851850271
step_849,0.005357822403311729
step_850,0.005327546503394842
step_851,0.005272037349641323
step_852,0.005086613353341818
step_853,0.004933413118124008
step_854,0.004847217351198196
step_855,0.004883492365479469
step_856,0.005340900272130966
step_857,0.0069868071004748344
step_858,0.008044619113206863
step_859,0.0065620518289506435
step_860,0.006726416759192944
step_861,0.006453323177993298
step_862,0.005525293760001659
step_863,0.0052863722667098045
step_864,0.005112689454108477
step_865,0.005045085214078426
step_866,0.005211069714277983
step_867,0.005472896620631218
step_868,0.005368727259337902
step_869,0.005261341109871864
step_870,0.005149115342646837
step_871,0.005214193370193243
step_872,0.005244783125817776
step_873,0.005202786531299353
step_874,0.0059054335579276085
step_875,0.006460271775722504
step_876,0.005994638428092003
step_877,0.005447945557534695
step_878,0.005180893000215292
step_879,0.005217184778302908
step_880,0.005226827226579189
step_881,0.0054685017094016075
step_882,0.00560637516900897
step_883,0.005300106015056372
step_884,0.0051956274546682835
step_885,0.005342523567378521
step_886,0.005458441562950611
step_887,0.005089025478810072
step_888,0.0050977980718016624
step_889,0.005219883751124144
step_890,0.005689292214810848
step_891,0.006209836807101965
step_892,0.005705689080059528
step_893,0.005085309501737356
step_894,0.005216687452048063
step_895,0.005055911373347044
step_896,0.005226211156696081
step_897,0.004954551346600056
step_898,0.005112975835800171
step_899,0.005796944256871939
step_900,0.00616869330406189
step_901,0.006524977274239063
step_902,0.006143498234450817
step_903,0.005368178244680166
step_904,0.005396396853029728
step_905,0.0050883665680885315
step_906,0.005001838784664869
step_907,0.005046245642006397
step_908,0.0050405943766236305
step_909,0.004985783249139786
step_910,0.00512311514467001
step_911,0.0054589915089309216
step_912,0.005632859654724598
step_913,0.005502786487340927
step_914,0.005589161068201065
step_915,0.005309829488396645
step_916,0.005429520271718502
step_917,0.0049849324859678745
step_918,0.0047121914103627205
step_919,0.0046982476487755775
step_920,0.004816326778382063
step_921,0.005167870782315731
step_922,0.005210632458329201
step_923,0.005362123250961304
step_924,0.005199864506721497
step_925,0.0051450347527861595
step_926,0.004968506749719381
step_927,0.004799321759492159
step_928,0.005189185496419668
step_929,0.006248205900192261
step_930,0.007371684070676565
step_931,0.0057616448029875755
step_932,0.0055998764000833035
step_933,0.005657888017594814
step_934,0.005035916343331337
step_935,0.004785943776369095
step_936,0.004851830657571554
step_937,0.004907307215034962
step_938,0.004910754971206188
step_939,0.00476931594312191
step_940,0.004715300165116787
step_941,0.004789169877767563
step_942,0.004858535714447498
step_943,0.004926703870296478
step_944,0.004907578229904175
step_945,0.00496831675991416
step_946,0.005073415115475655
step_947,0.005049960222095251
step_948,0.005176928825676441
step_949,0.005363152362406254
step_950,0.0055440692231059074
step_951,0.005810128059238195
step_952,0.005440467037260532
step_953,0.005019618198275566
step_954,0.004965746309608221
step_955,0.0049552093259990215
step_956,0.0049995919689536095
step_957,0.004826090298593044
step_958,0.005001964513212442
step_959,0.005040389951318502
step_960,0.00517199095338583
step_961,0.004970304202288389
step_962,0.004745982587337494
step_963,0.004756329581141472
step_964,0.004703853279352188
step_965,0.0048298886977136135
step_966,0.0051541440188884735
step_967,0.005237955134361982
step_968,0.005066709127277136
step_969,0.005328899249434471
step_970,0.006387150846421719
step_971,0.005788176786154509
step_972,0.004816439934074879
step_973,0.004688510205596685
step_974,0.004658790770918131
step_975,0.00458132941275835
step_976,0.004945947322994471
step_977,0.005074563901871443
step_978,0.004864891059696674
step_979,0.004924381151795387
step_980,0.00489596463739872
step_981,0.00519202183932066
step_982,0.005034295842051506
step_983,0.005299482028931379
step_984,0.005342806689441204
step_985,0.005400368478149176
step_986,0.004959242884069681
step_987,0.004525554366409779
step_988,0.004455222748219967
step_989,0.0044335778802633286
step_990,0.0047020758502185345
step_991,0.005120895802974701
step_992,0.005300438031554222
step_993,0.005323681980371475
step_994,0.005922572687268257
step_995,0.005515723489224911
step_996,0.004859838169068098
step_997,0.004857875406742096
step_998,0.004611428827047348
step_999,0.004751999396830797
step_1000,0.004560088738799095
step_1001,0.004490599501878023
step_1002,0.004506024997681379
step_1003,0.004864981863647699
step_1004,0.0045651840046048164
step_1005,0.005197229795157909
step_1006,0.005612418055534363
step_1007,0.005821446888148785
step_1008,0.005324969068169594
step_1009,0.0052930256351828575
step_1010,0.004949827212840319
step_1011,0.004873126279562712
step_1012,0.004511301405727863
step_1013,0.004593983292579651
step_1014,0.004864913411438465
step_1015,0.004878408275544643
step_1016,0.004913364537060261
step_1017,0.004782604053616524
step_1018,0.0051349918358027935
step_1019,0.004836069419980049
step_1020,0.0045702653005719185
step_1021,0.00445107277482748
step_1022,0.00459482753649354
step_1023,0.004618310835212469
step_1024,0.004900124855339527
step_1025,0.004756176844239235
step_1026,0.004929985385388136
step_1027,0.005167292896658182
step_1028,0.005407175049185753
step_1029,0.005401890259236097
step_1030,0.005083220079541206
step_1031,0.005228990223258734
step_1032,0.005281904712319374
step_1033,0.006377787794917822
step_1034,0.005051562562584877
step_1035,0.004635614342987537
step_1036,0.004577679559588432
step_1037,0.0044664726592600346
step_1038,0.0045473407953977585
step_1039,0.004413060378283262
step_1040,0.004242346156388521
step_1041,0.004255133215337992
step_1042,0.004248486366122961
step_1043,0.004466140177100897
step_1044,0.0051575349643826485
step_1045,0.005767129361629486
step_1046,0.005726893898099661
step_1047,0.004987800493836403
step_1048,0.004823308903723955
step_1049,0.004438386298716068
step_1050,0.004351988434791565
step_1051,0.004453527741134167
step_1052,0.004601090680807829
step_1053,0.004509864374995232
step_1054,0.004412202630192041
step_1055,0.004629385191947222
step_1056,0.004680780228227377
step_1057,0.0047881933860480785
step_1058,0.004816331900656223
step_1059,0.00513770617544651
step_1060,0.005303848069161177
step_1061,0.004787735641002655
step_1062,0.004397028125822544
step_1063,0.004421704448759556
step_1064,0.00443699024617672
step_1065,0.0048014922067523
step_1066,0.005471344105899334
step_1067,0.005324423313140869
step_1068,0.004726146347820759
step_1069,0.004752728622406721
step_1070,0.004448268562555313
step_1071,0.004564016591757536
step_1072,0.0047036586329340935
step_1073,0.004612879361957312
step_1074,0.004549642559140921
step_1075,0.004750082269310951
step_1076,0.004616213962435722
step_1077,0.004534533247351646
step_1078,0.004570063203573227
step_1079,0.004636572208255529
step_1080,0.004594290163367987
step_1081,0.004420054145157337
step_1082,0.004410260356962681
step_1083,0.004958687350153923
step_1084,0.004868768621236086
step_1085,0.0048995716497302055
step_1086,0.004658383317291737
step_1087,0.004873976111412048
step_1088,0.004826237913221121
step_1089,0.004741059150546789
step_1090,0.00453609973192215
step_1091,0.004194964654743671
step_1092,0.004277723841369152
step_1093,0.004122421145439148
step_1094,0.004206995479762554
step_1095,0.004646357148885727
step_1096,0.0050136009231209755
step_1097,0.005473353900015354
step_1098,0.005985996685922146
step_1099,0.0048652892000973225
step_1100,0.004827406257390976
step_1101,0.004668764304369688
step_1102,0.004413940012454987
step_1103,0.004450244829058647
step_1104,0.0044733514077961445
step_1105,0.004267238080501556
step_1106,0.0041457535699009895
step_1107,0.0041013420559465885
step_1108,0.004163559526205063
step_1109,0.004230028484016657
step_1110,0.004561974201351404
step_1111,0.005490723066031933
step_1112,0.006230312865227461
step_1113,0.005129796918481588
step_1114,0.004515772685408592
step_1115,0.00446602888405323
step_1116,0.004332020878791809
step_1117,0.004335364792495966
step_1118,0.004497408866882324
step_1119,0.005059529095888138
step_1120,0.004403634928166866
step_1121,0.004498111084103584
step_1122,0.004384191241115332
step_1123,0.004438742529600859
step_1124,0.004712950903922319
step_1125,0.004650923423469067
step_1126,0.004521123133599758
step_1127,0.004495415836572647
step_1128,0.004538459703326225
step_1129,0.004949153400957584
step_1130,0.0047487542033195496
step_1131,0.0047386507503688335
step_1132,0.004269871860742569
step_1133,0.004179039038717747
step_1134,0.00438495259732008
step_1135,0.004465079866349697
step_1136,0.004230426158756018
step_1137,0.004128952510654926
step_1138,0.0042651621624827385
step_1139,0.004292805679142475
step_1140,0.004816907923668623
step_1141,0.006004032678902149
step_1142,0.005612287670373917
step_1143,0.004302014596760273
step_1144,0.004275116603821516
step_1145,0.004235473927110434
step_1146,0.004225537180900574
step_1147,0.004202673211693764
step_1148,0.004590528551489115
step_1149,0.005120986606925726
step_1150,0.004672170616686344
step_1151,0.0042658159509301186
step_1152,0.004562516696751118
step_1153,0.004464194178581238
step_1154,0.004478987772017717
step_1155,0.004481281153857708
step_1156,0.004568770527839661
step_1157,0.004328213166445494
step_1158,0.004192708060145378
step_1159,0.004169221501797438
step_1160,0.004211287014186382
step_1161,0.004638738930225372
step_1162,0.004872483666986227
step_1163,0.004674577619880438
step_1164,0.0048256744630634785
step_1165,0.004859547130763531
step_1166,0.004535337910056114
step_1167,0.004491402301937342
step_1168,0.00433140154927969
step_1169,0.004179350100457668
step_1170,0.004196615889668465
step_1171,0.0043402258306741714
step_1172,0.004149710759520531
step_1173,0.0040737660601735115
step_1174,0.0041336133144795895
step_1175,0.004371555522084236
step_1176,0.004391122609376907
step_1177,0.004767813719809055
step_1178,0.00460416404530406
step_1179,0.004308534786105156
step_1180,0.004233635496348143
step_1181,0.004919819068163633
step_1182,0.005049135070294142
step_1183,0.004460757132619619
step_1184,0.004717834293842316
step_1185,0.0042999666184186935
step_1186,0.004134435672312975
step_1187,0.004235011991113424
step_1188,0.005028317682445049
step_1189,0.005513431504368782
step_1190,0.004844733513891697
step_1191,0.004022514447569847
step_1192,0.003997565247118473
step_1193,0.003998639527708292
step_1194,0.0041349190287292
step_1195,0.004708192776888609
step_1196,0.004287575837224722
step_1197,0.004057252313941717
step_1198,0.004008605610579252
step_1199,0.004160034470260143
step_1200,0.0044412920251488686
step_1201,0.00503266416490078
step_1202,0.005670203827321529
step_1203,0.0048273890279233456
step_1204,0.004363108426332474
step_1205,0.004175116773694754
step_1206,0.004088239744305611
step_1207,0.003940088674426079
step_1208,0.003924043383449316
step_1209,0.004219989757984877
step_1210,0.004779980517923832
step_1211,0.004550452344119549
step_1212,0.004179604351520538
step_1213,0.0038819569163024426
step_1214,0.0041230712085962296
step_1215,0.004335591569542885
step_1216,0.00408796314150095
step_1217,0.00440990412607789
step_1218,0.004526886623352766
step_1219,0.004348462447524071
step_1220,0.003968297969549894
step_1221,0.00406094454228878
step_1222,0.003932323306798935
step_1223,0.0038440506905317307
step_1224,0.004200003109872341
step_1225,0.005348033271729946
step_1226,0.006637980695813894
step_1227,0.0046018133871257305
step_1228,0.0043891966342926025
step_1229,0.003968585282564163
step_1230,0.0038802456110715866
step_1231,0.0039159804582595825
step_1232,0.004112091846764088
step_1233,0.0047500478103756905
step_1234,0.004448017105460167
step_1235,0.00437535485252738
step_1236,0.003968775738030672
step_1237,0.004876127932220697
step_1238,0.005077513866126537
step_1239,0.0044105397537350655
step_1240,0.004119302611798048
step_1241,0.003918096423149109
step_1242,0.00388895976357162
step_1243,0.0039785197004675865
step_1244,0.004280461929738522
step_1245,0.004308965988457203
step_1246,0.004229278303682804
step_1247,0.0039911530911922455
step_1248,0.004294510930776596
step_1249,0.0043904539197683334
step_1250,0.004557125270366669
step_1251,0.004617359489202499
step_1252,0.00463755801320076
step_1253,0.004279145039618015
step_1254,0.003965319134294987
step_1255,0.004011927172541618
step_1256,0.003994939848780632
step_1257,0.004197521135210991
step_1258,0.00428485032171011
step_1259,0.0039018732495605946
step_1260,0.0038928610738366842
step_1261,0.003964005038142204
step_1262,0.003976360894739628
step_1263,0.003894888563081622
step_1264,0.004093265160918236
step_1265,0.004327150993049145
step_1266,0.004598080646246672
step_1267,0.004393641371279955
step_1268,0.004631254356354475
step_1269,0.004930032417178154
step_1270,0.004223608411848545
step_1271,0.00420042360201478
step_1272,0.00431408453732729
step_1273,0.004313805140554905
step_1274,0.004378327634185553
step_1275,0.004313088022172451
step_1276,0.004199804738163948
step_1277,0.004384922794997692
step_1278,0.0046816663816571236
step_1279,0.004181379452347755
step_1280,0.0039626858197152615
step_1281,0.00397188076749444
step_1282,0.003774952841922641
step_1283,0.003710092045366764
step_1284,0.004130884073674679
step_1285,0.004599329084157944
step_1286,0.004127203486859798
step_1287,0.0037906882353127003
step_1288,0.0039319540373981
step_1289,0.0041370755061507225
step_1290,0.004280105233192444
step_1291,0.003906810190528631
step_1292,0.0039667850360274315
step_1293,0.004685950465500355
step_1294,0.005008777603507042
step_1295,0.004922583233565092
step_1296,0.004008452873677015
step_1297,0.003919866867363453
step_1298,0.003927603829652071
step_1299,0.003916875459253788
step_1300,0.0037591923028230667
step_1301,0.003900432027876377
step_1302,0.0040579792112112045
step_1303,0.0038067891728132963
step_1304,0.0036926488392055035
step_1305,0.003783836029469967
step_1306,0.004068896174430847
step_1307,0.004581472370773554
step_1308,0.004635273944586515
step_1309,0.004324694164097309
step_1310,0.003818280529230833
step_1311,0.0036371443420648575
step_1312,0.00383487856015563
step_1313,0.004090462811291218
step_1314,0.004184483550488949
step_1315,0.004651059862226248
step_1316,0.005322686396539211
step_1317,0.0043327827006578445
step_1318,0.0038650808855891228
step_1319,0.003854891983792186
step_1320,0.003969408106058836
step_1321,0.003748634597286582
step_1322,0.003853034693747759
step_1323,0.0037964717485010624
step_1324,0.004027336835861206
step_1325,0.00450715608894825
step_1326,0.0050546410493552685
step_1327,0.004094231408089399
step_1328,0.0036119818687438965
step_1329,0.003790982998907566
step_1330,0.0035805292427539825
step_1331,0.0037169423885643482
step_1332,0.003842021105811
step_1333,0.004265058785676956
step_1334,0.005566523876041174
step_1335,0.004509115591645241
step_1336,0.003970012068748474
step_1337,0.0038440776988863945
step_1338,0.0038402180653065443
step_1339,0.0037635311018675566
step_1340,0.0038147454615682364
step_1341,0.003931956831365824
step_1342,0.003992672543972731
step_1343,0.003960574045777321
step_1344,0.004104967229068279
step_1345,0.004123479127883911
step_1346,0.004065349232405424
step_1347,0.004515382926911116
step_1348,0.004585259594023228
step_1349,0.00399196008220315
step_1350,0.0037579103372991085
step_1351,0.0037767416797578335
step_1352,0.003853413974866271
step_1353,0.0041276547126472
step_1354,0.004498237743973732
step_1355,0.004052293952554464
step_1356,0.003750397590920329
step_1357,0.004189307801425457
step_1358,0.004548773635178804
step_1359,0.004081736318767071
step_1360,0.0037767249159514904
step_1361,0.0036700149066746235
step_1362,0.004093390889465809
step_1363,0.004548321943730116
step_1364,0.003853257279843092
step_1365,0.003516655880957842
step_1366,0.003966109361499548
step_1367,0.00430095661431551
step_1368,0.0040998198091983795
step_1369,0.004350466653704643
step_1370,0.005016704555600882
step_1371,0.004034270998090506
step_1372,0.003711502766236663
step_1373,0.0037414077669382095
step_1374,0.0037106219679117203
step_1375,0.0035244598984718323
step_1376,0.0036318115890026093
step_1377,0.003966464661061764
step_1378,0.0043311030603945255
step_1379,0.004522746428847313
step_1380,0.003979209810495377
step_1381,0.0039839968085289
step_1382,0.004010658245533705
step_1383,0.003962483257055283
step_1384,0.0037101097404956818
step_1385,0.003600399475544691
step_1386,0.0038161862175911665
step_1387,0.0037282302509993315
step_1388,0.0036213616840541363
step_1389,0.0037539831828325987
step_1390,0.004023564048111439
step_1391,0.0047015114687383175
step_1392,0.005942776799201965
step_1393,0.0047071147710084915
step_1394,0.004074479453265667
step_1395,0.003936770372092724
step_1396,0.003646938828751445
step_1397,0.003618954448029399
step_1398,0.003460267325863242
step_1399,0.0034693898633122444
step_1400,0.0036870555486530066
step_1401,0.0038744292687624693
step_1402,0.0038114506751298904
step_1403,0.0037885697092860937
step_1404,0.004337843041867018
step_1405,0.004171007312834263
step_1406,0.0037286391016095877
step_1407,0.003740486456081271
step_1408,0.004466399550437927
step_1409,0.004784854128956795
step_1410,0.0048667388036847115
step_1411,0.003695039078593254
step_1412,0.0034697873052209616
step_1413,0.003728301730006933
step_1414,0.0037564216181635857
step_1415,0.003762355074286461
step_1416,0.0036709054838865995
step_1417,0.003976077772676945
step_1418,0.0041555799543857574
step_1419,0.0036449746694415808
step_1420,0.004049330018460751
step_1421,0.0042245700024068356
step_1422,0.003715108148753643
step_1423,0.0036117653362452984
step_1424,0.003519597230479121
step_1425,0.003523739520460367
step_1426,0.003818470984697342
step_1427,0.003863310907036066
step_1428,0.0037168157286942005
step_1429,0.004129615146666765
step_1430,0.005071838386356831
step_1431,0.00492739537730813
step_1432,0.003725010436028242
step_1433,0.003707671305164695
step_1434,0.003443536115810275
step_1435,0.003679265035316348
step_1436,0.004030213691294193
step_1437,0.003871194552630186
step_1438,0.0035921577364206314
step_1439,0.0036353031173348427
step_1440,0.003635612316429615
step_1441,0.0036977333948016167
step_1442,0.004086443223059177
step_1443,0.00420403340831399
step_1444,0.0038893669843673706
step_1445,0.003591276239603758
step_1446,0.0036085713654756546
step_1447,0.003741065738722682
step_1448,0.0037933967541903257
step_1449,0.0035220026038587093
step_1450,0.0035371414851397276
step_1451,0.003509637899696827
step_1452,0.003947877790778875
step_1453,0.0048414431512355804
step_1454,0.004353370517492294
step_1455,0.004132167901843786
step_1456,0.00395877193659544
step_1457,0.0035705703776329756
step_1458,0.0033582306932657957
step_1459,0.0033268730621784925
step_1460,0.0036600949242711067
step_1461,0.004045714624226093
step_1462,0.003924261778593063
step_1463,0.003856933442875743
step_1464,0.003797295968979597
step_1465,0.0037978708278387785
step_1466,0.0038633407093584538
step_1467,0.004095133394002914
step_1468,0.004068576730787754
step_1469,0.0048454077914357185
step_1470,0.004120225086808205
step_1471,0.003651511622592807
step_1472,0.0034390543587505817
step_1473,0.003376225009560585
step_1474,0.003328766208142042
step_1475,0.0038397449534386396
step_1476,0.0036565111950039864
step_1477,0.0034721260890364647
step_1478,0.003402371658012271
step_1479,0.0034714273642748594
step_1480,0.003581554163247347
step_1481,0.0036861791741102934
step_1482,0.0037083905190229416
step_1483,0.004120332654565573
step_1484,0.00500386580824852
step_1485,0.005031201522797346
step_1486,0.004147835075855255
step_1487,0.0035251230001449585
step_1488,0.004111523739993572
step_1489,0.003544714068993926
step_1490,0.0036729273851960897
step_1491,0.004037515725940466
step_1492,0.0037382864393293858
step_1493,0.0033394412603229284
step_1494,0.003626029472798109
step_1495,0.0038497697096318007
step_1496,0.0038480577059090137
step_1497,0.003974672872573137
step_1498,0.004454180598258972
step_1499,0.0043381256982684135
step_1500,0.003477958496659994
step_1501,0.0034081132616847754
step_1502,0.003211978590115905
step_1503,0.0035451415460556746
step_1504,0.004046001471579075
step_1505,0.00438920920714736
step_1506,0.004861180204898119
step_1507,0.004316430073231459
step_1508,0.0037720664404332638
step_1509,0.00356058101169765
step_1510,0.0033454345539212227
step_1511,0.0031679810490459204
step_1512,0.003338482929393649
step_1513,0.003367958590388298
step_1514,0.0034433945547789335
step_1515,0.003692949190735817
step_1516,0.0034588249400258064
step_1517,0.0036634583957493305
step_1518,0.0035905055701732635
step_1519,0.004091453738510609
step_1520,0.004030420444905758
step_1521,0.0038208747282624245
step_1522,0.003760856343433261
step_1523,0.003608696162700653
step_1524,0.003639582311734557
step_1525,0.0037132338620722294
step_1526,0.004083428531885147
step_1527,0.004009613301604986
step_1528,0.0037779714912176132
step_1529,0.00327324285171926
step_1530,0.003264688653871417
step_1531,0.0031394052784889936
step_1532,0.0032041023951023817
step_1533,0.003404022194445133
step_1534,0.003435022896155715
step_1535,0.003494222415611148
step_1536,0.003766759065911174
step_1537,0.004986509680747986
step_1538,0.0036761127412319183
step_1539,0.0038273935206234455
step_1540,0.004034017212688923
step_1541,0.004136955365538597
step_1542,0.0035769804380834103
step_1543,0.0036749187856912613
step_1544,0.003238044446334243
step_1545,0.0035015312023460865
step_1546,0.0035203415900468826
step_1547,0.0037108329124748707
step_1548,0.00443178229033947
step_1549,0.0042281122878193855
step_1550,0.003468892304226756
step_1551,0.0031391363590955734
step_1552,0.0033203735947608948
step_1553,0.003177287057042122
step_1554,0.0038156071677803993
step_1555,0.003984944894909859
step_1556,0.004222781863063574
step_1557,0.0036199213936924934
step_1558,0.0032623892184346914
step_1559,0.0035798519384115934
step_1560,0.004113815724849701
step_1561,0.0041463905945420265
step_1562,0.00391178485006094
step_1563,0.0034355323296040297
step_1564,0.003529757959768176
step_1565,0.003121431916952133
step_1566,0.003069598227739334
step_1567,0.0030045094899833202
step_1568,0.0030869259499013424
step_1569,0.003213094547390938
step_1570,0.0033726110123097897
step_1571,0.003731353906914592
step_1572,0.003918299451470375
step_1573,0.004513019695878029
step_1574,0.004579349420964718
step_1575,0.004007733426988125
step_1576,0.003407452255487442
step_1577,0.0033842683769762516
step_1578,0.0030621399637311697
step_1579,0.003246715059503913
step_1580,0.00338238338008523
step_1581,0.0034554367884993553
step_1582,0.0038425519596785307
step_1583,0.004482021555304527
step_1584,0.003607527120038867
step_1585,0.0030613967683166265
step_1586,0.0033351897727698088
step_1587,0.0034281047992408276
step_1588,0.003386984346434474
step_1589,0.003345453180372715
step_1590,0.0034537739120423794
step_1591,0.0034322645515203476
step_1592,0.0034361002035439014
step_1593,0.0032447862904518843
step_1594,0.003177384613081813
step_1595,0.0034527909010648727
step_1596,0.0036026551388204098
step_1597,0.004198431968688965
step_1598,0.003957152832299471
step_1599,0.0035149117466062307
step_1600,0.004248601850122213
step_1601,0.0036852580960839987
step_1602,0.0033585659693926573
step_1603,0.0031632166355848312
step_1604,0.00326067628338933
step_1605,0.0033240101765841246
step_1606,0.0031767762266099453
step_1607,0.0036030306946486235
step_1608,0.0037095637526363134
step_1609,0.0034250575117766857
step_1610,0.003507249755784869
step_1611,0.003736778860911727
step_1612,0.003484878223389387
step_1613,0.003510715439915657
step_1614,0.0034945670049637556
step_1615,0.003299844218418002
step_1616,0.003110984107479453
step_1617,0.0030047339387238026
step_1618,0.0029380107298493385
step_1619,0.003158631268888712
step_1620,0.0036185896024107933
step_1621,0.004003644455224276
step_1622,0.0032700486481189728
step_1623,0.004133552312850952
step_1624,0.004107421264052391
step_1625,0.003919868730008602
step_1626,0.005319255869835615
step_1627,0.0043914164416491985
step_1628,0.003778350306674838
step_1629,0.003360554575920105
step_1630,0.0036366607528179884
step_1631,0.003151912707835436
step_1632,0.0030044158920645714
step_1633,0.003031694097444415
step_1634,0.003110560355708003
step_1635,0.0029668747447431087
step_1636,0.0033013306092470884
step_1637,0.00370562681928277
step_1638,0.0036186962388455868
step_1639,0.0035466484259814024
step_1640,0.0033145956695079803
step_1641,0.0033270721323788166
step_1642,0.0034021770115941763
step_1643,0.0034476276487112045
step_1644,0.003588880877941847
step_1645,0.0036458696704357862
step_1646,0.0036042460706084967
step_1647,0.004068965092301369
step_1648,0.003462166991084814
step_1649,0.004437049850821495
step_1650,0.004561473615467548
step_1651,0.003641498740762472
step_1652,0.002963538048788905
step_1653,0.0030766529962420464
step_1654,0.0033055166713893414
step_1655,0.0032767592929303646
step_1656,0.0035975337959825993
step_1657,0.003625527722761035
step_1658,0.0032110586762428284
step_1659,0.003667082404717803
step_1660,0.0031612094026058912
step_1661,0.0030774190090596676
step_1662,0.003089148085564375
step_1663,0.003109875600785017
step_1664,0.003009007079526782
step_1665,0.003133562160655856
step_1666,0.0032862431835383177
step_1667,0.0031921572517603636
step_1668,0.0031736986711621284
step_1669,0.003188585862517357
step_1670,0.003277076408267021
step_1671,0.003691171994432807
step_1672,0.00408461457118392
step_1673,0.0032340791076421738
step_1674,0.0032387934625148773
step_1675,0.0031663361005485058
step_1676,0.0028233295306563377
step_1677,0.002951750298961997
step_1678,0.0029400091152638197
step_1679,0.0029814145527780056
step_1680,0.0033560418523848057
step_1681,0.003024142934009433
step_1682,0.003323069540783763
step_1683,0.003405292984098196
step_1684,0.00364011712372303
step_1685,0.004602715838700533
step_1686,0.0050070141442120075
step_1687,0.0048403553664684296
step_1688,0.0032111946493387222
step_1689,0.003741670399904251
step_1690,0.003180254716426134
step_1691,0.0027570384554564953
step_1692,0.002932775765657425
step_1693,0.0028938292525708675
step_1694,0.002844068221747875
step_1695,0.0033402841072529554
step_1696,0.0033008630853146315
step_1697,0.0032495155464857817
step_1698,0.003269980428740382
step_1699,0.0034554763697087765
step_1700,0.0039602587930858135
step_1701,0.0034654985647648573
step_1702,0.0036958339624106884
step_1703,0.0032792426645755768
step_1704,0.0030869520269334316
step_1705,0.0033139854203909636
step_1706,0.003741766093298793
step_1707,0.0033912097569555044
step_1708,0.0036167921498417854
step_1709,0.0035112956538796425
step_1710,0.0030091661028563976
step_1711,0.002981788944453001
step_1712,0.0030080934520810843
step_1713,0.0032209462951868773
step_1714,0.0035762086044996977
step_1715,0.003601719392463565
step_1716,0.003742025699466467
step_1717,0.004018416162580252
step_1718,0.0033020328264683485
step_1719,0.002974801231175661
step_1720,0.0029668319039046764
step_1721,0.002900050487369299
step_1722,0.0030265513341873884
step_1723,0.0029232127126306295
step_1724,0.0031372862868010998
step_1725,0.0029802590142935514
step_1726,0.0030890253838151693
step_1727,0.003724820679053664
step_1728,0.003813281422480941
step_1729,0.0038634329102933407
step_1730,0.0035634932573884726
step_1731,0.0030780467204749584
step_1732,0.002944091334939003
step_1733,0.0029373334255069494
step_1734,0.002971267094835639
step_1735,0.003064789343625307
step_1736,0.0028197760693728924
step_1737,0.002984240185469389
step_1738,0.003655687440186739
step_1739,0.004221882205456495
step_1740,0.003200468374416232
step_1741,0.002840484259650111
step_1742,0.002857498824596405
step_1743,0.0030493512749671936
step_1744,0.0033289145212620497
step_1745,0.0030187955126166344
step_1746,0.003148491960018873
step_1747,0.003313174471259117
step_1748,0.0031310352496802807
step_1749,0.003339366987347603
step_1750,0.0028896755538880825
step_1751,0.0029354102443903685
step_1752,0.003268731292337179
step_1753,0.0037673774641007185
step_1754,0.0038866233080625534
step_1755,0.0030322973616421223
step_1756,0.003182148328050971
step_1757,0.002818928798660636
step_1758,0.002678115852177143
step_1759,0.002892434597015381
step_1760,0.0028932669665664434
step_1761,0.0027703724335879087
step_1762,0.0027358895167708397
step_1763,0.002784538082778454
step_1764,0.002737403381615877
step_1765,0.0026468548458069563
step_1766,0.002755570923909545
step_1767,0.0027569588273763657
step_1768,0.003135962411761284
step_1769,0.0051323226653039455
step_1770,0.0048688966780900955
step_1771,0.003464045934379101
step_1772,0.0032378272153437138
step_1773,0.0031144521199166775
step_1774,0.003371217753738165
step_1775,0.003205440705642104
step_1776,0.0034289692994207144
step_1777,0.003085381118580699
step_1778,0.0028315926901996136
step_1779,0.002756552305072546
step_1780,0.0025853593833744526
step_1781,0.0025754482485353947
step_1782,0.0026502064429223537
step_1783,0.002999961841851473
step_1784,0.003636960405856371
step_1785,0.0034653316251933575
step_1786,0.0032882269006222486
step_1787,0.0031749389600008726
step_1788,0.0030674661975353956
step_1789,0.0027521064039319754
step_1790,0.0026104142889380455
step_1791,0.0028944858349859715
step_1792,0.003256674623116851
step_1793,0.003211365547031164
step_1794,0.0033954805694520473
step_1795,0.0034361202269792557
step_1796,0.003474925411865115
step_1797,0.003999042324721813
step_1798,0.0032996400259435177
step_1799,0.00264706090092659
step_1800,0.002722888719290495
step_1801,0.0030048349872231483
step_1802,0.0031026042997837067
step_1803,0.0033884430304169655
step_1804,0.003089210717007518
step_1805,0.003025707555934787
step_1806,0.002822393551468849
step_1807,0.0036651859991252422
step_1808,0.003676709486171603
step_1809,0.0031797830015420914
step_1810,0.0036297577898949385
step_1811,0.0029320260509848595
step_1812,0.0033244076184928417
step_1813,0.003414214588701725
step_1814,0.003280350472778082
step_1815,0.0028078891336917877
step_1816,0.003110406920313835
step_1817,0.0031232067849487066
step_1818,0.0033226124942302704
step_1819,0.0040437811985611916
step_1820,0.0036852355115115643
step_1821,0.0029959878884255886
step_1822,0.003132609184831381
step_1823,0.002817085711285472
step_1824,0.002653716830536723
step_1825,0.002590886317193508
step_1826,0.0031165301334112883
step_1827,0.0034637926146388054
step_1828,0.003157230094075203
step_1829,0.0027412089984863997
step_1830,0.0025829493533819914
step_1831,0.0026883413083851337
step_1832,0.003314601955935359
step_1833,0.0037594004534184933
step_1834,0.0033794487826526165
step_1835,0.00306464871391654
step_1836,0.002756847534328699
step_1837,0.0029068931471556425
step_1838,0.002706591971218586
step_1839,0.0027000214904546738
step_1840,0.003834591945633292
step_1841,0.0035451031289994717
step_1842,0.0035202864091843367
step_1843,0.004037996754050255
step_1844,0.00453485082834959
step_1845,0.0029085390269756317
step_1846,0.002916388912126422
step_1847,0.0032348500099033117
step_1848,0.003137294901534915
step_1849,0.003497328609228134
step_1850,0.0026354817673563957
step_1851,0.002851711353287101
step_1852,0.0028161569498479366
step_1853,0.002607333241030574
step_1854,0.002584487199783325
step_1855,0.002942856168374419
step_1856,0.004298103507608175
step_1857,0.00423569418489933
step_1858,0.0032572902273386717
step_1859,0.002938319696113467
step_1860,0.0028887256048619747
step_1861,0.0027308210264891386
step_1862,0.0028669764287769794
step_1863,0.00353412888944149
step_1864,0.0032620837446302176
step_1865,0.002602408407256007
step_1866,0.0028167441487312317
step_1867,0.0031102201901376247
step_1868,0.0026054594200104475
step_1869,0.0028199858497828245
step_1870,0.002818360459059477
step_1871,0.0027737743221223354
step_1872,0.0026603485457599163
step_1873,0.0029099266976118088
step_1874,0.003106075106188655
step_1875,0.003287153784185648
step_1876,0.0035682162269949913
step_1877,0.0037226087879389524
step_1878,0.003955689258873463
step_1879,0.00277593987993896
step_1880,0.0026658684946596622
step_1881,0.00252538756467402
step_1882,0.0024685401003807783
step_1883,0.0030807298608124256
step_1884,0.004406070336699486
step_1885,0.004002097994089127
step_1886,0.0036044472362846136
step_1887,0.003039299277588725
step_1888,0.0024919293355196714
step_1889,0.002552557969465852
step_1890,0.0024903363082557917
step_1891,0.0025363005697727203
step_1892,0.0027813788037747145
step_1893,0.0030462178401649
step_1894,0.003443329129368067
step_1895,0.002925384324043989
step_1896,0.0032021007500588894
step_1897,0.003269614651799202
step_1898,0.0033818657975643873
step_1899,0.0033476136159151793
step_1900,0.002644661581143737
step_1901,0.00320902606472373
step_1902,0.0026924163103103638
step_1903,0.003169666975736618
step_1904,0.0033185507636517286
step_1905,0.004252778831869364
step_1906,0.003247402608394623
step_1907,0.0030391658656299114
step_1908,0.0032001375220716
step_1909,0.002732866210862994
step_1910,0.0026845047250390053
step_1911,0.002873215591534972
step_1912,0.0025854315608739853
step_1913,0.00305941142141819
step_1914,0.0030047891195863485
step_1915,0.002562434645369649
step_1916,0.002823442919179797
step_1917,0.002811223967000842
step_1918,0.0033409446477890015
step_1919,0.0035731233656406403
step_1920,0.003029327839612961
step_1921,0.0029872802551835775
step_1922,0.002551860874518752
step_1923,0.0025600073859095573
step_1924,0.0027136895805597305
step_1925,0.0030192160047590733
step_1926,0.0025155898183584213
step_1927,0.0024988173972815275
step_1928,0.0025298679247498512
step_1929,0.002513318322598934
step_1930,0.0024426488671451807
step_1931,0.0028453972190618515
step_1932,0.004411561414599419
step_1933,0.005282336380332708
step_1934,0.003268543165177107
step_1935,0.0030444914009422064
step_1936,0.0032960339449346066
step_1937,0.003203214844688773
step_1938,0.0026096187066286802
step_1939,0.002810883801430464
step_1940,0.00250314362347126
step_1941,0.002813630737364292
step_1942,0.003165538888424635
step_1943,0.0029231735970824957
step_1944,0.003063896205276251
step_1945,0.003078059758991003
step_1946,0.0026279380545020103
step_1947,0.002531321020796895
step_1948,0.0029155854135751724
step_1949,0.003339253133162856
step_1950,0.002759035211056471
step_1951,0.002514564897865057
step_1952,0.002343074418604374
step_1953,0.0024849034380167723
step_1954,0.0026471102610230446
step_1955,0.0027954557444900274
step_1956,0.0028895768336951733
step_1957,0.0025937058962881565
step_1958,0.002695465460419655
step_1959,0.002946551889181137
step_1960,0.003254468319937587
step_1961,0.0032964861020445824
step_1962,0.0037617292255163193
step_1963,0.0024934655521064997
step_1964,0.002572691533714533
step_1965,0.002368072047829628
step_1966,0.0027383039705455303
step_1967,0.003247502725571394
step_1968,0.0034480555914342403
step_1969,0.004010447766631842
step_1970,0.0031221574172377586
step_1971,0.0027725505642592907
step_1972,0.002564978552982211
step_1973,0.0027993503026664257
step_1974,0.0026314733549952507
step_1975,0.003181564388796687
step_1976,0.0028068413957953453
step_1977,0.0025541996583342552
step_1978,0.0026891371235251427
step_1979,0.002486417768523097
step_1980,0.0024536456912755966
step_1981,0.0030252928845584393
step_1982,0.0029844376258552074
step_1983,0.003339942079037428
step_1984,0.003630455117672682
step_1985,0.002927447436377406
step_1986,0.0028730127960443497
step_1987,0.0028220973908901215
step_1988,0.0027423081919550896
step_1989,0.002616455778479576
step_1990,0.0026065087877213955
step_1991,0.002680718433111906
step_1992,0.0031619351357221603
step_1993,0.003541599726304412
step_1994,0.002847149968147278
step_1995,0.0026629073545336723
step_1996,0.002406930085271597
step_1997,0.0023810439743101597
step_1998,0.002433211077004671
step_1999,0.0025178082287311554
step_2000,0.002686700550839305
step_2001,0.0035413866862654686
step_2002,0.0035510424058884382
step_2003,0.002911571878939867
step_2004,0.0028901747427880764
step_2005,0.002956239040941
step_2006,0.002675839699804783
step_2007,0.002517488319426775
step_2008,0.002427205676212907
step_2009,0.002423831494525075
step_2010,0.0036285193637013435
step_2011,0.004178836476057768
step_2012,0.0030609506648033857
step_2013,0.002477167174220085
step_2014,0.0024040788412094116
step_2015,0.00247003766708076
step_2016,0.002538836793974042
step_2017,0.002796717919409275
step_2018,0.0033077679108828306
step_2019,0.003140923334285617
step_2020,0.0027735396288335323
step_2021,0.002796485787257552
step_2022,0.002708571730181575
step_2023,0.0023660887964069843
step_2024,0.0024268922861665487
step_2025,0.0024998867884278297
step_2026,0.003172264900058508
step_2027,0.002892009448260069
step_2028,0.0038733449764549732
step_2029,0.002618153113871813
step_2030,0.00340083334594965
step_2031,0.0026091726031154394
step_2032,0.00307377427816391
step_2033,0.0031517071183770895
step_2034,0.003409645287320018
step_2035,0.0029801062773913145
step_2036,0.0025583929382264614
step_2037,0.002527347533032298
step_2038,0.0024250359274446964
step_2039,0.0022797067649662495
step_2040,0.0024541248567402363
step_2041,0.002982527017593384
step_2042,0.0027522873133420944
step_2043,0.003002320881932974
step_2044,0.0030081081204116344
step_2045,0.0027292806189507246
step_2046,0.0025510131381452084
step_2047,0.0023947369772940874
step_2048,0.0026190828066319227
step_2049,0.002450834959745407
step_2050,0.003097454784438014
step_2051,0.0030939937569200993
step_2052,0.002997853560373187
step_2053,0.0035309791564941406
step_2054,0.0033453998621553183
step_2055,0.002686165040358901
step_2056,0.002707960084080696
step_2057,0.002549173776060343
step_2058,0.002412536647170782
step_2059,0.0024554519914090633
step_2060,0.002392537659034133
step_2061,0.002193889580667019
step_2062,0.002188664861023426
step_2063,0.002305972622707486
step_2064,0.0027110478840768337
step_2065,0.0028708360623568296
step_2066,0.0024644045624881983
step_2067,0.002518194727599621
step_2068,0.004130396526306868
step_2069,0.003955265041440725
step_2070,0.003877304494380951
step_2071,0.003778650891035795
step_2072,0.002919759601354599
step_2073,0.0025852140970528126
step_2074,0.0025227477308362722
step_2075,0.0024759918451309204
step_2076,0.002437428804114461
step_2077,0.0024333365727216005
step_2078,0.0031691945623606443
step_2079,0.0024846866726875305
step_2080,0.002336423145607114
step_2081,0.0029767544474452734
step_2082,0.002345896326005459
step_2083,0.0024649235419929028
step_2084,0.0023111789487302303
step_2085,0.0027550566010177135
step_2086,0.0033785009291023016
step_2087,0.0030689004343003035
step_2088,0.003014744957908988
step_2089,0.0029786000959575176
step_2090,0.0023238833528012037
step_2091,0.0025292993523180485
step_2092,0.002443707315251231
step_2093,0.0026113286148756742
step_2094,0.002892272314056754
step_2095,0.0032353035639971495
step_2096,0.003318629926070571
step_2097,0.002549927681684494
step_2098,0.003427164163440466
step_2099,0.0030716760084033012
step_2100,0.002793937688693404
step_2101,0.0024518349673599005
step_2102,0.0027940459549427032
step_2103,0.002308952622115612
step_2104,0.002548831282183528
step_2105,0.0024941693991422653
step_2106,0.002517713000997901
step_2107,0.0026383555959910154
step_2108,0.0031093936413526535
step_2109,0.002810786012560129
step_2110,0.002360906219109893
step_2111,0.002323954598978162
step_2112,0.0023793084546923637
step_2113,0.0024808968883007765
step_2114,0.0024145448114722967
step_2115,0.0025297943502664566
step_2116,0.002570494543761015
step_2117,0.0025886371731758118
step_2118,0.0026250099763274193
step_2119,0.0030284952372312546
step_2120,0.0034204982221126556
step_2121,0.0031873895786702633
step_2122,0.0031392467208206654
step_2123,0.002847700845450163
step_2124,0.0027162819169461727
step_2125,0.002387248445302248
step_2126,0.0023700299207121134
step_2127,0.0023879199288785458
step_2128,0.0028085857629776
step_2129,0.0031384676694869995
step_2130,0.0031558643095195293
step_2131,0.0024025985039770603
step_2132,0.002463466953486204
step_2133,0.0028679799288511276
step_2134,0.002953172195702791
step_2135,0.002792753977701068
step_2136,0.002596053760498762
step_2137,0.0031154919415712357
step_2138,0.0025017019361257553
step_2139,0.0028840673621743917
step_2140,0.0024982288014143705
step_2141,0.0025254511274397373
step_2142,0.0031198388896882534
step_2143,0.002365915337577462
step_2144,0.0021300101652741432
step_2145,0.002172629814594984
step_2146,0.002381602767854929
step_2147,0.002947612199932337
step_2148,0.0033995090052485466
step_2149,0.0029304996132850647
step_2150,0.002542695729061961
step_2151,0.0033472348004579544
step_2152,0.002712076064199209
step_2153,0.0025975434109568596
step_2154,0.0022621010430157185
step_2155,0.002526473253965378
step_2156,0.002506926190108061
step_2157,0.0022484567016363144
step_2158,0.0022950898855924606
step_2159,0.002774664666503668
step_2160,0.003193073673173785
step_2161,0.003514964133501053
step_2162,0.002606500405818224
step_2163,0.0022169742733240128
step_2164,0.0023373961448669434
step_2165,0.002686417428776622
step_2166,0.003221097169443965
step_2167,0.0025186333805322647
step_2168,0.002444714307785034
step_2169,0.0026060591917485
step_2170,0.0026979788672178984
step_2171,0.0024620788171887398
step_2172,0.002562842098996043
step_2173,0.0029016430489718914
step_2174,0.0024774912744760513
step_2175,0.002953445306047797
step_2176,0.002512014005333185
step_2177,0.003137261373922229
step_2178,0.002687219064682722
step_2179,0.00307288346812129
step_2180,0.0024823681451380253
step_2181,0.00208149547688663
step_2182,0.0026906959246844053
step_2183,0.002667185617610812
step_2184,0.0026975851505994797
step_2185,0.002431475091725588
step_2186,0.002537031192332506
step_2187,0.00234238151460886
step_2188,0.002379950601607561
step_2189,0.0030545692425221205
step_2190,0.003741785418242216
step_2191,0.0029617834370583296
step_2192,0.0026685763150453568
step_2193,0.0031821257434785366
step_2194,0.0027382306288927794
step_2195,0.0023379665799438953
step_2196,0.002177170244976878
step_2197,0.002672698814421892
step_2198,0.002585889305919409
step_2199,0.0026468911673873663
step_2200,0.0022034028079360723
step_2201,0.002686392515897751
step_2202,0.0030369560699909925
step_2203,0.002681793412193656
step_2204,0.002954026684165001
step_2205,0.0028639226220548153
step_2206,0.0033839368261396885
step_2207,0.0026235803961753845
step_2208,0.002812829799950123
step_2209,0.00228352309204638
step_2210,0.0024890706408768892
step_2211,0.002248060889542103
step_2212,0.002335219644010067
step_2213,0.0023167808540165424
step_2214,0.00244610826484859
step_2215,0.0030259310733526945
step_2216,0.0029289182275533676
step_2217,0.002741290722042322
step_2218,0.0030033353250473738
step_2219,0.0023635071702301502
step_2220,0.0024599949829280376
step_2221,0.00281517650000751
step_2222,0.0026646924670785666
step_2223,0.0027024205774068832
step_2224,0.0024691869039088488
step_2225,0.002561674453318119
step_2226,0.003059123642742634
step_2227,0.0024413091596215963
step_2228,0.0024924734607338905
step_2229,0.0029256208799779415
step_2230,0.0036981282755732536
step_2231,0.003316970309242606
step_2232,0.0025119457859545946
step_2233,0.002529527060687542
step_2234,0.0023070406168699265
step_2235,0.0022265552543103695
step_2236,0.002203805837780237
step_2237,0.0023876805789768696
step_2238,0.0022181705571711063
step_2239,0.0023227431811392307
step_2240,0.002354234457015991
step_2241,0.0026246998459100723
step_2242,0.0032623535953462124
step_2243,0.003647053148597479
step_2244,0.003150748088955879
step_2245,0.0028526373207569122
step_2246,0.0026583883445709944
step_2247,0.002767559140920639
step_2248,0.0021710526198148727
step_2249,0.0022790597286075354
step_2250,0.002581381006166339
step_2251,0.0029900334775447845
step_2252,0.002499687485396862
step_2253,0.0023839459754526615
step_2254,0.002243999857455492
step_2255,0.0021265868563205004
step_2256,0.002096437616273761
step_2257,0.0022562663070857525
step_2258,0.0023424141108989716
step_2259,0.002693403046578169
step_2260,0.002999253571033478
step_2261,0.0031712758354842663
step_2262,0.0026528711896389723
step_2263,0.0023807301186025143
step_2264,0.0024920287542045116
step_2265,0.0022965469397604465
step_2266,0.002872057957574725
step_2267,0.004012594930827618
step_2268,0.004063393454998732
step_2269,0.0029395921155810356
step_2270,0.0024926266632974148
step_2271,0.002287951298058033
step_2272,0.0021514787804335356
step_2273,0.0024793012998998165
step_2274,0.002557567320764065
step_2275,0.0023154388181865215
step_2276,0.002172956010326743
step_2277,0.0023951129987835884
step_2278,0.002493288367986679
step_2279,0.0023661500308662653
step_2280,0.0020975209772586823
step_2281,0.0022904910147190094
step_2282,0.0032202224247157574
step_2283,0.002991946879774332
step_2284,0.0024709361605346203
step_2285,0.0023048939183354378
step_2286,0.0022775630932301283
step_2287,0.00237975362688303
step_2288,0.0023852717131376266
step_2289,0.002797045512124896
step_2290,0.00312871765345335
step_2291,0.0029058761429041624
step_2292,0.0027889281045645475
step_2293,0.0027957274578511715
step_2294,0.002445562742650509
step_2295,0.0026989902835339308
step_2296,0.002558074425905943
step_2297,0.002335392637178302
step_2298,0.002256168285384774
step_2299,0.0023222670424729586
step_2300,0.0030458997935056686
step_2301,0.0025281873531639576
step_2302,0.002062863437458873
step_2303,0.002472114283591509
step_2304,0.002513300394639373
step_2305,0.002803460229188204
step_2306,0.0030518793500959873
step_2307,0.0029088440351188183
step_2308,0.002880701795220375
step_2309,0.003911616280674934
step_2310,0.0024704227689653635
step_2311,0.0027637879829853773
step_2312,0.0022650365717709064
step_2313,0.0021819472312927246
step_2314,0.0022996938787400723
step_2315,0.0019826749339699745
step_2316,0.002037507016211748
step_2317,0.0022186022251844406
step_2318,0.002820328576490283
step_2319,0.003853045403957367
step_2320,0.003243067068979144
step_2321,0.0026326540391892195
step_2322,0.0022866465151309967
step_2323,0.002147388644516468
step_2324,0.002007440198212862
step_2325,0.0019479891052469611
step_2326,0.002271125791594386
step_2327,0.002119902055710554
step_2328,0.0023153196088969707
step_2329,0.002595446538180113
step_2330,0.0024790093302726746
step_2331,0.002369195455685258
step_2332,0.0025311631616204977
step_2333,0.0021999748423695564
step_2334,0.002159218769520521
step_2335,0.0021104845218360424
step_2336,0.002401550067588687
step_2337,0.0024770554155111313
step_2338,0.002310079988092184
step_2339,0.002603782806545496
step_2340,0.0035973002668470144
step_2341,0.0035923710092902184
step_2342,0.0037113241851329803
step_2343,0.003030882915481925
step_2344,0.0026672612875699997
step_2345,0.0028078206814825535
step_2346,0.0023783021606504917
step_2347,0.002108513144776225
step_2348,0.001953692175447941
step_2349,0.0018835085211321712
step_2350,0.0019910470582544804
step_2351,0.002105460036545992
step_2352,0.0022416221909224987
step_2353,0.0022383788600564003
step_2354,0.002883004490286112
step_2355,0.00394825404509902
step_2356,0.003127066418528557
step_2357,0.003324367804452777
step_2358,0.0024147466756403446
step_2359,0.002145955339074135
step_2360,0.0021616467274725437
step_2361,0.002765880897641182
step_2362,0.0026221710722893476
step_2363,0.002001573098823428
step_2364,0.0020604669116437435
step_2365,0.002033914439380169
step_2366,0.0021669729612767696
step_2367,0.0030475622043013573
step_2368,0.0021601784974336624
step_2369,0.0029214618261903524
step_2370,0.0028609137516468763
step_2371,0.002856410574167967
step_2372,0.0024504440370947123
step_2373,0.0024411361664533615
step_2374,0.0025800871662795544
step_2375,0.0023624729365110397
step_2376,0.0025163847021758556
step_2377,0.0022373786196112633
step_2378,0.002134186215698719
step_2379,0.002265318064019084
step_2380,0.002353290794417262
step_2381,0.002482911106199026
step_2382,0.0024215029552578926
step_2383,0.002485124859958887
step_2384,0.0025966186076402664
step_2385,0.0027762390673160553
step_2386,0.002250195946544409
step_2387,0.002318327547982335
step_2388,0.0022175570484250784
step_2389,0.0019484286895021796
step_2390,0.002431716537103057
step_2391,0.0033338875509798527
step_2392,0.0027103633619844913
step_2393,0.0022343501914292574
step_2394,0.002219925867393613
step_2395,0.002131185494363308
step_2396,0.0024458644911646843
step_2397,0.002898584818467498
step_2398,0.00282750534825027
step_2399,0.002917709294706583
step_2400,0.0025518315378576517
step_2401,0.002105450490489602
step_2402,0.0020987463649362326
step_2403,0.0027961023151874542
step_2404,0.002611710224300623
step_2405,0.002941566053777933
step_2406,0.0036138498689979315
step_2407,0.002284343121573329
step_2408,0.0021518380381166935
step_2409,0.0022046235390007496
step_2410,0.0018740836530923843
step_2411,0.0023036415223032236
step_2412,0.002247509080916643
step_2413,0.002531323116272688
step_2414,0.0034217634238302708
step_2415,0.004214134067296982
step_2416,0.0027497950941324234
step_2417,0.002229612786322832
step_2418,0.0023246672935783863
step_2419,0.0020572396460920572
step_2420,0.0021200617775321007
step_2421,0.002040303312242031
step_2422,0.0022713318467140198
step_2423,0.0030156606808304787
step_2424,0.0024835681542754173
step_2425,0.002513478510081768
step_2426,0.002391115529462695
step_2427,0.0029545340221375227
step_2428,0.002793270628899336
step_2429,0.002582910005003214
step_2430,0.002160296542569995
step_2431,0.0023797200992703438
step_2432,0.0024458584375679493
step_2433,0.0031732700299471617
step_2434,0.0025294730439782143
step_2435,0.003166497452184558
step_2436,0.002665687119588256
step_2437,0.0023346596863120794
step_2438,0.0023955712094902992
step_2439,0.00209803762845695
step_2440,0.002254278864711523
step_2441,0.002064430620521307
step_2442,0.0018857711693271995
step_2443,0.00193392438814044
step_2444,0.0023105356376618147
step_2445,0.0031710404437035322
step_2446,0.002970200963318348
step_2447,0.002123138401657343
step_2448,0.0023136576637625694
step_2449,0.0020686150528490543
step_2450,0.0020068043377250433
step_2451,0.002012219512835145
step_2452,0.001948721706867218
step_2453,0.0021633889991790056
step_2454,0.0025014644488692284
step_2455,0.0025902811903506517
step_2456,0.0025089511182159185
step_2457,0.0024591488763689995
step_2458,0.0030657814349979162
step_2459,0.0030912875663489103
step_2460,0.002647967543452978
step_2461,0.0022169500589370728
step_2462,0.002078673802316189
step_2463,0.002164484467357397
step_2464,0.002096099779009819
step_2465,0.0020096914377063513
step_2466,0.0020176179241389036
step_2467,0.0022114848252385855
step_2468,0.002445546444505453
step_2469,0.002275536535307765
step_2470,0.0024502738378942013
step_2471,0.0027388962917029858
step_2472,0.002904990455135703
step_2473,0.0024991589598357677
step_2474,0.002338379854336381
step_2475,0.002735752612352371
step_2476,0.0026245673652738333
step_2477,0.0019450954860076308
step_2478,0.0024135918356478214
step_2479,0.0032351091504096985
step_2480,0.0023957155644893646
step_2481,0.0022268889006227255
step_2482,0.0024402691051363945
step_2483,0.0026204590685665607
step_2484,0.002612150739878416
step_2485,0.0022686414886265993
step_2486,0.002105519874021411
step_2487,0.002291565528139472
step_2488,0.002668337430804968
step_2489,0.002774592023342848
step_2490,0.002238074317574501
step_2491,0.0020665517076849937
step_2492,0.0019942396320402622
step_2493,0.002798229455947876
step_2494,0.0023260198067873716
step_2495,0.0022123544476926327
step_2496,0.002197655849158764
step_2497,0.002504112897440791
step_2498,0.002085238229483366
step_2499,0.0018360124668106437
step_2500,0.0022595240734517574
step_2501,0.0033405113499611616
step_2502,0.003257558448240161
step_2503,0.002459511859342456
step_2504,0.0022607326973229647
step_2505,0.0026069371961057186
step_2506,0.0025422228500247
step_2507,0.0024758833460509777
step_2508,0.0022810378577560186
step_2509,0.0020662574097514153
step_2510,0.002570043783634901
step_2511,0.0027015998493880033
step_2512,0.0024341102689504623
step_2513,0.0021386772859841585
step_2514,0.0026086352299898863
step_2515,0.0021955177653580904
step_2516,0.0020432421006262302
step_2517,0.0023986571468412876
step_2518,0.0026304679922759533
step_2519,0.00258300406858325
step_2520,0.00226261792704463
step_2521,0.0024883844889700413
step_2522,0.002328837988898158
step_2523,0.00258420268073678
step_2524,0.0022886842489242554
step_2525,0.002320320811122656
step_2526,0.0020787804387509823
step_2527,0.0022634961642324924
step_2528,0.0021301694214344025
step_2529,0.001996578648686409
step_2530,0.0024462821893393993
step_2531,0.002504725009202957
step_2532,0.0020989368204027414
step_2533,0.002531154314056039
step_2534,0.002397137228399515
step_2535,0.001988193951547146
step_2536,0.0030724506359547377
step_2537,0.0034733524080365896
step_2538,0.0026791966520249844
step_2539,0.0019388783257454634
step_2540,0.0019459215691313148
step_2541,0.00295102596282959
step_2542,0.003170171519741416
step_2543,0.0021041766740381718
step_2544,0.0029710240196436644
step_2545,0.002707279985770583
step_2546,0.0024805155117064714
step_2547,0.0026858351193368435
step_2548,0.0018598706228658557
step_2549,0.0018152616685256362
step_2550,0.0018298685317859054
step_2551,0.0019072010181844234
step_2552,0.0025415965355932713
step_2553,0.0022385462652891874
step_2554,0.0030668778344988823
step_2555,0.0026560246478766203
step_2556,0.002191786654293537
step_2557,0.0026740645989775658
step_2558,0.004099993035197258
step_2559,0.003615960478782654
step_2560,0.0027426588349044323
step_2561,0.0021101764868944883
step_2562,0.0021116826683282852
step_2563,0.002143841702491045
step_2564,0.0025052078999578953
step_2565,0.0022453321143984795
step_2566,0.002543401438742876
step_2567,0.002797049004584551
step_2568,0.0023794311564415693
step_2569,0.002522752620279789
step_2570,0.0023305974900722504
step_2571,0.002422285731881857
step_2572,0.0020486973226070404
step_2573,0.0022910544648766518
step_2574,0.0022281166166067123
step_2575,0.003308668499812484
step_2576,0.0026694086845964193
step_2577,0.003136906772851944
step_2578,0.00253778207115829
step_2579,0.0028236261568963528
step_2580,0.002364219631999731
step_2581,0.002411043271422386
step_2582,0.002835299354046583
step_2583,0.0033294379245489836
step_2584,0.0027503403834998608
step_2585,0.002448461716994643
step_2586,0.0023594701196998358
step_2587,0.002458486706018448
step_2588,0.002325194887816906
step_2589,0.002249157754704356
step_2590,0.0027680285274982452
step_2591,0.002014291938394308
step_2592,0.0023514311760663986
step_2593,0.0028427219949662685
step_2594,0.0022332719527184963
step_2595,0.001994465244933963
step_2596,0.001963312504813075
step_2597,0.002058053854852915
step_2598,0.002041564555838704
step_2599,0.0022232234477996826
step_2600,0.0022809943184256554
step_2601,0.003109247889369726
step_2602,0.0036977045238018036
step_2603,0.002975561423227191
step_2604,0.0020657579880207777
step_2605,0.0020111026242375374
step_2606,0.0022973711602389812
step_2607,0.0020308392122387886
step_2608,0.0020316019654273987
step_2609,0.002192666521295905
step_2610,0.0028090679552406073
step_2611,0.0024665091186761856
step_2612,0.0019768436904996634
step_2613,0.002827664604410529
step_2614,0.002799635287374258
step_2615,0.002392794005572796
step_2616,0.002068547997623682
step_2617,0.002051880583167076
step_2618,0.0022127239499241114
step_2619,0.0024672027211636305
step_2620,0.002294315258041024
step_2621,0.0021919794380664825
step_2622,0.0021137166768312454
step_2623,0.0020283139310777187
step_2624,0.0019291102653369308
step_2625,0.0022598737850785255
step_2626,0.002960101468488574
step_2627,0.003935047425329685
step_2628,0.002650744980201125
step_2629,0.0024403026327490807
step_2630,0.0023140115663409233
step_2631,0.001854144735261798
step_2632,0.0020619011484086514
step_2633,0.0023606503382325172
step_2634,0.0022401544265449047
step_2635,0.00202223751693964
step_2636,0.002733711153268814
step_2637,0.0026131863705813885
step_2638,0.002359931357204914
step_2639,0.0028141234070062637
step_2640,0.0027294810861349106
step_2641,0.0022672610357403755
step_2642,0.0020064725540578365
step_2643,0.0019280228298157454
step_2644,0.0019017599988728762
step_2645,0.0020988585893064737
step_2646,0.002932761562988162
step_2647,0.0031757839024066925
step_2648,0.0028461178299039602
step_2649,0.0022337897680699825
step_2650,0.0022478019818663597
step_2651,0.002472687978297472
step_2652,0.0023339344188570976
step_2653,0.0032129092141985893
step_2654,0.0018913589883595705
step_2655,0.0019369707442820072
step_2656,0.0021955082193017006
step_2657,0.0026276407297700644
step_2658,0.002257919404655695
step_2659,0.002395645249634981
step_2660,0.0019750213250517845
step_2661,0.002181167481467128
step_2662,0.002171042375266552
step_2663,0.0020311851985752583
step_2664,0.0022058230824768543
step_2665,0.002366716042160988
step_2666,0.0037955427542328835
step_2667,0.003028202336281538
step_2668,0.0020283879712224007
step_2669,0.0019689935725182295
step_2670,0.002225147094577551
step_2671,0.0023291483521461487
step_2672,0.0020320205949246883
step_2673,0.00278173154219985
step_2674,0.0023619327694177628
step_2675,0.0022948775440454483
step_2676,0.0022667990997433662
step_2677,0.002078333869576454
step_2678,0.0019261859124526381
step_2679,0.002181330695748329
step_2680,0.0021724170073866844
step_2681,0.0027534887194633484
step_2682,0.0030165789648890495
step_2683,0.0024351568426936865
step_2684,0.0021180869080126286
step_2685,0.002853463403880596
step_2686,0.0027135959826409817
step_2687,0.0023474874906241894
step_2688,0.0019608004949986935
step_2689,0.0019466899102553725
step_2690,0.0024276920594274998
step_2691,0.0021277442574501038
step_2692,0.0025269342586398125
step_2693,0.00257674278691411
step_2694,0.0021699306089431047
step_2695,0.0019292603246867657
step_2696,0.002371786627918482
step_2697,0.002629610477015376
step_2698,0.0025880062021315098
step_2699,0.0033842050470411777
step_2700,0.0028764072339981794
step_2701,0.0027684452943503857
step_2702,0.002161715179681778
step_2703,0.002702066209167242
step_2704,0.002111484995111823
step_2705,0.0023228293284773827
step_2706,0.002244229195639491
step_2707,0.002579914405941963
step_2708,0.002185618272051215
step_2709,0.0019924528896808624
step_2710,0.0022262989077717066
step_2711,0.002282149391248822
step_2712,0.0021251942962408066
step_2713,0.00240363460034132
step_2714,0.002388646826148033
step_2715,0.0023386424873024225
step_2716,0.0024828677996993065
step_2717,0.002836808329448104
step_2718,0.0023986781015992165
step_2719,0.0022801226004958153
step_2720,0.00266305822879076
step_2721,0.002605734160169959
step_2722,0.0028008639346808195
step_2723,0.0030642920173704624
step_2724,0.0028316171374171972
step_2725,0.002314681187272072
step_2726,0.0022886109072715044
step_2727,0.0024008143227547407
step_2728,0.0030648885294795036
step_2729,0.0023989947512745857
step_2730,0.0023260952439159155
step_2731,0.001868963474407792
step_2732,0.00219365069642663
step_2733,0.0018731467425823212
step_2734,0.0024634941946715117
step_2735,0.0020179259590804577
step_2736,0.0024286857806146145
step_2737,0.002939388854429126
step_2738,0.003411445301026106
step_2739,0.003036623355001211
step_2740,0.0024105538614094257
step_2741,0.0022835712879896164
step_2742,0.0020259497687220573
step_2743,0.0022764848545193672
step_2744,0.0020852843299508095
step_2745,0.0020617598202079535
step_2746,0.001978276064619422
step_2747,0.0023003388196229935
step_2748,0.0022351443767547607
step_2749,0.0029265708290040493
step_2750,0.0026715348940342665
step_2751,0.002449815394356847
step_2752,0.002905043540522456
step_2753,0.002492991741746664
step_2754,0.0021305568516254425
step_2755,0.0025711539201438427
step_2756,0.00258216867223382
step_2757,0.002314197365194559
step_2758,0.0020255730487406254
step_2759,0.001875335699878633
step_2760,0.0018353400519117713
step_2761,0.0017642489401623607
step_2762,0.002154018497094512
step_2763,0.0028843129985034466
step_2764,0.002539372071623802
step_2765,0.0024674951564520597
step_2766,0.0024996211286634207
step_2767,0.0026480741798877716
step_2768,0.0021020376589149237
step_2769,0.0020405170507729053
step_2770,0.0021304329857230186
step_2771,0.0023145154118537903
step_2772,0.0022200196981430054
step_2773,0.0020417410414665937
step_2774,0.0019563990645110607
step_2775,0.0022948491387069225
step_2776,0.003138762665912509
step_2777,0.0036937538534402847
step_2778,0.0025685697328299284
step_2779,0.0019247274613007903
step_2780,0.0020248708315193653
step_2781,0.0024942620657384396
step_2782,0.0026934738270938396
step_2783,0.001988692209124565
step_2784,0.0020820475183427334
step_2785,0.001959357876330614
step_2786,0.0021496140398085117
step_2787,0.0021702456288039684
step_2788,0.002225141739472747
step_2789,0.0021343263797461987
step_2790,0.002046809531748295
step_2791,0.002250119112432003
step_2792,0.0028304399456828833
step_2793,0.0028175166808068752
step_2794,0.0024120088201016188
step_2795,0.0020997230894863605
step_2796,0.0019950487185269594
step_2797,0.0018728014547377825
step_2798,0.0019268307369202375
step_2799,0.002126166131347418
step_2800,0.0023301434703171253
step_2801,0.0024091065861284733
step_2802,0.0023298896849155426
step_2803,0.001998249674215913
step_2804,0.001937885070219636
step_2805,0.0023628887720406055
step_2806,0.0037073325365781784
step_2807,0.00486428989097476
step_2808,0.0026757940649986267
step_2809,0.002515943720936775
step_2810,0.0021607549861073494
step_2811,0.001996779814362526
step_2812,0.0024410008918493986
step_2813,0.0023709917441010475
step_2814,0.0021864555310457945
step_2815,0.002245553769171238
step_2816,0.002224756870418787
step_2817,0.0020602187141776085
step_2818,0.002525143790990114
step_2819,0.002470551524311304
step_2820,0.0031412343960255384
step_2821,0.0036826767027378082
step_2822,0.002484225435182452
step_2823,0.002185592893511057
step_2824,0.002826531184837222
step_2825,0.002051212824881077
step_2826,0.00215722993016243
step_2827,0.002569489646703005
step_2828,0.002283519832417369
step_2829,0.0020527569577097893
step_2830,0.0023295357823371887
step_2831,0.002268807031214237
step_2832,0.002274063415825367
step_2833,0.002387263812124729
step_2834,0.001989536453038454
step_2835,0.001944008283317089
step_2836,0.001899835537187755
step_2837,0.0021825202275067568
step_2838,0.0019069965928792953
step_2839,0.0023253087420016527
step_2840,0.0025181372184306383
step_2841,0.0023227075580507517
step_2842,0.0022845270577818155
step_2843,0.0022458964958786964
step_2844,0.0024636646267026663
step_2845,0.002484688302502036
step_2846,0.002307415008544922
step_2847,0.002245888579636812
step_2848,0.002884077839553356
step_2849,0.0025870304089039564
step_2850,0.002608295064419508
step_2851,0.0023826363030821085
step_2852,0.0018747362773865461
step_2853,0.001933529507368803
step_2854,0.0023157428950071335
step_2855,0.0024317926727235317
step_2856,0.0021817837841808796
step_2857,0.001907596830278635
step_2858,0.001979650929570198
step_2859,0.002200544811785221
step_2860,0.0024117266293615103
step_2861,0.0023745689541101456
step_2862,0.00219100178219378
step_2863,0.002638274570927024
step_2864,0.0022467412054538727
step_2865,0.0027919369749724865
step_2866,0.0028773280791938305
step_2867,0.001800138270482421
step_2868,0.0025858816225081682
step_2869,0.002002823632210493
step_2870,0.0019701893907040358
step_2871,0.0018152801785618067
step_2872,0.0019071721471846104
step_2873,0.0023450017906725407
step_2874,0.0025230501778423786
step_2875,0.0023522726260125637
step_2876,0.0028261225670576096
step_2877,0.002993119414895773
step_2878,0.003015793627128005
step_2879,0.0023146432358771563
step_2880,0.0021089219953864813
step_2881,0.0023814155720174313
step_2882,0.002672554925084114
step_2883,0.0018673045560717583
step_2884,0.0017194406827911735
step_2885,0.0017753099091351032
step_2886,0.0020360369235277176
step_2887,0.002124998951330781
step_2888,0.0025348030030727386
step_2889,0.002852602628991008
step_2890,0.002537333872169256
step_2891,0.002012142213061452
step_2892,0.0019159701187163591
step_2893,0.0017822363879531622
step_2894,0.0019330576760694385
step_2895,0.0027597849257290363
step_2896,0.0021707643754780293
step_2897,0.0025562276132404804
step_2898,0.002433429704979062
step_2899,0.002083531115204096
step_2900,0.0021617095917463303
step_2901,0.0023595201782882214
step_2902,0.002262154594063759
step_2903,0.0022020989563316107
step_2904,0.0018758134683594108
step_2905,0.0021140368189662695
step_2906,0.0021357776131480932
step_2907,0.00305837020277977
step_2908,0.0023081284016370773
step_2909,0.0017812780570238829
step_2910,0.0019565043039619923
step_2911,0.0019483352079987526
step_2912,0.0017768163233995438
step_2913,0.0019145263358950615
step_2914,0.002064684871584177
step_2915,0.002078621182590723
step_2916,0.0027974029071629047
step_2917,0.0022691364865750074
step_2918,0.0018909538630396128
step_2919,0.0020861136727035046
step_2920,0.0023122322745621204
step_2921,0.002392630558460951
step_2922,0.0027370466850697994
step_2923,0.0022098259069025517
step_2924,0.0024078653659671545
step_2925,0.001851499080657959
step_2926,0.002420581877231598
step_2927,0.0028123303782194853
step_2928,0.002761752111837268
step_2929,0.003249939065426588
step_2930,0.0021400616969913244
step_2931,0.0024222948122769594
step_2932,0.0019921655766665936
step_2933,0.002149098552763462
step_2934,0.00236109783872962
step_2935,0.0032996851950883865
step_2936,0.002596016274765134
step_2937,0.0020190575160086155
step_2938,0.0023896032944321632
step_2939,0.002351342234760523
step_2940,0.002427482046186924
step_2941,0.0021367340814322233
step_2942,0.00207353918813169
step_2943,0.0018835512455552816
step_2944,0.001725940965116024
step_2945,0.001935932319611311
step_2946,0.0020357470493763685
step_2947,0.0017972104251384735
step_2948,0.002156128641217947
step_2949,0.0024898084811866283
step_2950,0.0023429994471371174
step_2951,0.002517522079870105
step_2952,0.002538256347179413
step_2953,0.003133523976430297
step_2954,0.003052201820537448
step_2955,0.002596405101940036
step_2956,0.002232953906059265
step_2957,0.0017906306311488152
step_2958,0.0023080857936292887
step_2959,0.00231612054631114
step_2960,0.0023395768366754055
step_2961,0.0020734674762934446
step_2962,0.0018397573148831725
step_2963,0.0019402755424380302
step_2964,0.0021932688541710377
step_2965,0.0020663118921220303
step_2966,0.002513583516702056
step_2967,0.0023552828934043646
step_2968,0.0023114727810025215
step_2969,0.0025257866363972425
step_2970,0.002566075650975108
step_2971,0.002111947862431407
step_2972,0.0021105660125613213
step_2973,0.0021419310942292213
step_2974,0.0019370841328054667
step_2975,0.0020510759204626083
step_2976,0.0018551110988482833
step_2977,0.002275623381137848
step_2978,0.002551454119384289
step_2979,0.0027042138390243053
step_2980,0.0027053048834204674
step_2981,0.002305439440533519
step_2982,0.002127649262547493
step_2983,0.0019136425107717514
step_2984,0.0016957655316218734
step_2985,0.002052288269624114
step_2986,0.0027303106617182493
step_2987,0.002433675341308117
step_2988,0.0022201621904969215
step_2989,0.002154516289010644
step_2990,0.0024149694945663214
step_2991,0.002159501425921917
step_2992,0.002794642699882388
step_2993,0.0025944241788238287
step_2994,0.002920824568718672
step_2995,0.0031248684972524643
step_2996,0.002073813695460558
step_2997,0.0018263522069901228
step_2998,0.002114614238962531
step_2999,0.0018559804884716868
